20,EA6A,test author,https://www.esco-net.com/wcs/escort/ItemFile/EA0/EA006/EA6A/EA6A_IMG_WEB_OUT(01).jpg,-,test,images/International-Manufacturing-Technology-Show-IMTS_ey0FjpF.jpg,this is a snippet ,test body
21,EA11,test author,https://www.esco-net.com/wcs/escort/ItemFile/EA0/EA011/EA11/EA11_IMG_WEB_OUT(01).jpg,-,test,images/International-Manufacturing-Technology-Show-IMTS_ey0FjpF.jpg,this is a snippet ,test body
22,EA100-30A,test author,https://www.esco-net.com/wcs/escort/ItemFile/EA1/EA100/EA100-30A/EA100-30A_IMG_WEB_OUT(01).jpg,-,test,images/International-Manufacturing-Technology-Show-IMTS_ey0FjpF.jpg,this is a snippet ,test body
23,EA100-30B,test author,https://www.esco-net.com/wcs/escort/ItemFile/EA1/EA100/EA100-30B/EA100-30B_IMG_WEB_OUT(01).jpg,-,test,images/International-Manufacturing-Technology-Show-IMTS_ey0FjpF.jpg,this is a snippet ,test body
24,EA100CA-400F,test author,https://www.esco-net.com/wcs/escort/ItemFile/EA1/EA100/EA100CA-400F/EA100CA-400F_IMG_WEB_OUT(01).jpg,-,test,images/International-Manufacturing-Technology-Show-IMTS_ey0FjpF.jpg,this is a snippet ,test body
25,EA100CA-400H,test author,https://www.esco-net.com/wcs/escort/ItemFile/EA1/EA100/EA100CA-400H/EA100CA-400H_IMG_WEB_OUT(01).jpg,-,test,images/International-Manufacturing-Technology-Show-IMTS_ey0FjpF.jpg,this is a snippet ,test body
26,EA100XA-6,test author,https://www.esco-net.com/wcs/escort/ItemFile/EA1/EA100/EA100XA-6/EA100XA-6_IMG_WEB_OUT(01).jpg,-,test,images/International-Manufacturing-Technology-Show-IMTS_ey0FjpF.jpg,this is a snippet ,test body
27,EA101-10A,test author,https://www.esco-net.com/wcs/escort/ItemFile/EA1/EA101/EA101-10A/EA101-10A_IMG_WEB_OUT(01).jpg,-,test,images/International-Manufacturing-Technology-Show-IMTS_ey0FjpF.jpg,this is a snippet ,test body
28,EA101-10B,test author,https://www.esco-net.com/wcs/escort/ItemFile/EA1/EA101/EA101-10B/EA101-10B_IMG_WEB_OUT(01).jpg,-,test,images/International-Manufacturing-Technology-Show-IMTS_ey0FjpF.jpg,this is a snippet ,test body
29,EA101BB,test author,https://www.esco-net.com/wcs/escort/ItemFile/EA1/EA101/EA101BB/EA101BB_IMG_WEB_OUT(01).jpg,-,test,images/International-Manufacturing-Technology-Show-IMTS_ey0FjpF.jpg,this is a snippet ,test body
30,EA101BB-1,test author,https://www.esco-net.com/wcs/escort/ItemFile/EA1/EA101/EA101BB-1/EA101BB-1_IMG_WEB_OUT(01).jpg,-,test,images/International-Manufacturing-Technology-Show-IMTS_ey0FjpF.jpg,this is a snippet ,test body
31,EA101BB-2,test author,https://www.esco-net.com/wcs/escort/ItemFile/EA1/EA101/EA101BB-2/EA101BB-2_IMG_WEB_OUT(01).jpg,-,test,images/International-Manufacturing-Technology-Show-IMTS_ey0FjpF.jpg,this is a snippet ,test body
32,EA101FA-1,test author,https://www.esco-net.com/wcs/escort/ItemFile/EA1/EA101/EA101FA-1/EA101FA-1_IMG_WEB_OUT(01).jpg,-,test,images/International-Manufacturing-Technology-Show-IMTS_ey0FjpF.jpg,this is a snippet ,test body
33,EA101LR,test author,https://www.esco-net.com/wcs/escort/ItemFile/EA1/EA101/EA101LR/EA101LR_IMG_WEB_OUT(01).jpg,-,test,images/International-Manufacturing-Technology-Show-IMTS_ey0FjpF.jpg,this is a snippet ,test body
34,EA101LR-1,test author,https://www.esco-net.com/wcs/escort/ItemFile/EA1/EA101/EA101LR-1/EA101LR-1_IMG_WEB_OUT(01).jpg,-,test,images/International-Manufacturing-Technology-Show-IMTS_ey0FjpF.jpg,this is a snippet ,test body
35,EA101LR-2B,test author,https://www.esco-net.com/wcs/escort/ItemFile/EA1/EA101/EA101LR-2B/EA101LR-2B_IMG_WEB_OUT(01).jpg,-,test,images/International-Manufacturing-Technology-Show-IMTS_ey0FjpF.jpg,this is a snippet ,test body
36,EA101LR-2S,test author,https://www.esco-net.com/wcs/escort/ItemFile/EA1/EA101/EA101LR-2S/EA101LR-2S_IMG_WEB_OUT(01).jpg,-,test,images/International-Manufacturing-Technology-Show-IMTS_ey0FjpF.jpg,this is a snippet ,test body
37,EA101LR-3,test author,https://www.esco-net.com/wcs/escort/ItemFile/EA1/EA101/EA101LR-3/EA101LR-3_IMG_WEB_OUT(01).jpg,-,test,images/International-Manufacturing-Technology-Show-IMTS_ey0FjpF.jpg,this is a snippet ,test body
38,EA101LR-5,test author,https://www.esco-net.com/wcs/escort/ItemFile/EA1/EA101/EA101LR-5/EA101LR-5_IMG_WEB_OUT(01).jpg,-,test,images/International-Manufacturing-Technology-Show-IMTS_ey0FjpF.jpg,this is a snippet ,test body
39,EA101N-5A,test author,https://www.esco-net.com/wcs/escort/ItemFile/EA1/EA101/EA101N-5A/EA101N-5A_IMG_WEB_OUT(01).jpg,-,test,images/International-Manufacturing-Technology-Show-IMTS_ey0FjpF.jpg,this is a snippet ,test body
40,EA101ND-1,test author,https://www.esco-net.com/wcs/escort/ItemFile/EA1/EA101/EA101ND-1/EA101ND-1_IMG_WEB_OUT(01).jpg,-,test,images/International-Manufacturing-Technology-Show-IMTS_ey0FjpF.jpg,this is a snippet ,test body
41,EA101ND-10,test author,https://www.esco-net.com/wcs/escort/ItemFile/EA1/EA101/EA101ND-10/EA101ND-10_IMG_WEB_OUT(01).jpg,-,test,images/International-Manufacturing-Technology-Show-IMTS_ey0FjpF.jpg,this is a snippet ,test body
42,EA101SA-1,test author,https://www.esco-net.com/wcs/escort/ItemFile/EA1/EA101/EA101SA-1/EA101SA-1_IMG_WEB_OUT(01).jpg,-,test,images/International-Manufacturing-Technology-Show-IMTS_ey0FjpF.jpg,this is a snippet ,test body
43,EA106BD,test author,https://www.esco-net.com/wcs/escort/ItemFile/EA1/EA106/EA106BD/EA106BD_IMG_WEB_OUT(01).jpg,-,test,images/International-Manufacturing-Technology-Show-IMTS_ey0FjpF.jpg,this is a snippet ,test body
44,EA106BG-21,test author,https://www.esco-net.com/wcs/escort/ItemFile/EA1/EA106/EA106BG-21/EA106BG-21_IMG_WEB_OUT(01).jpg,-,test,images/International-Manufacturing-Technology-Show-IMTS_ey0FjpF.jpg,this is a snippet ,test body
45,EA106HA,test author,https://www.esco-net.com/wcs/escort/ItemFile/EA1/EA106/EA106HA/EA106HA_IMG_WEB_OUT(01).jpg,-,test,images/International-Manufacturing-Technology-Show-IMTS_ey0FjpF.jpg,this is a snippet ,test body
46,EA106TB-80A,test author,https://www.esco-net.com/wcs/escort/ItemFile/EA1/EA106/EA106TB-80A/EA106TB-80A_IMG_WEB_OUT(01).jpg,-,test,images/International-Manufacturing-Technology-Show-IMTS_ey0FjpF.jpg,this is a snippet ,test body
47,EA101SA-2,test author,https://www.esco-net.com/wcs/escort/ItemFile/EA1/EA101/EA101SA-2/EA101SA-2_IMG_WEB_OUT(01).jpg,-,test,images/International-Manufacturing-Technology-Show-IMTS_ey0FjpF.jpg,this is a snippet ,test body
48,EA101TR,test author,https://www.esco-net.com/wcs/escort/ItemFile/EA1/EA101/EA101TR/EA101TR_IMG_WEB_OUT(01).jpg,-,test,images/International-Manufacturing-Technology-Show-IMTS_ey0FjpF.jpg,this is a snippet ,test body
49,EA101TR-2B,test author,https://www.esco-net.com/wcs/escort/ItemFile/EA1/EA101/EA101TR-2B/EA101TR-2B_IMG_WEB_OUT(01).jpg,-,test,images/International-Manufacturing-Technology-Show-IMTS_ey0FjpF.jpg,this is a snippet ,test body
50,EA101TR-5,test author,https://www.esco-net.com/wcs/escort/ItemFile/EA1/EA101/EA101TR-5/EA101TR-5_IMG_WEB_OUT(01).jpg,-,test,images/International-Manufacturing-Technology-Show-IMTS_ey0FjpF.jpg,this is a snippet ,test body
51,EA101TR-5B,test author,https://www.esco-net.com/wcs/escort/ItemFile/EA1/EA101/EA101TR-5B/EA101TR-5B_IMG_WEB_OUT(01).jpg,-,test,images/International-Manufacturing-Technology-Show-IMTS_ey0FjpF.jpg,this is a snippet ,test body
52,EA101TR-6B,test author,https://www.esco-net.com/wcs/escort/ItemFile/EA1/EA101/EA101TR-6B/EA101TR-6B_IMG_WEB_OUT(01).jpg,-,test,images/International-Manufacturing-Technology-Show-IMTS_ey0FjpF.jpg,this is a snippet ,test body
53,EA101TR-7,test author,https://www.esco-net.com/wcs/escort/ItemFile/EA1/EA101/EA101TR-7/EA101TR-7_IMG_WEB_OUT(01).jpg,-,test,images/International-Manufacturing-Technology-Show-IMTS_ey0FjpF.jpg,this is a snippet ,test body
54,EA101TR-8,test author,https://www.esco-net.com/wcs/escort/ItemFile/EA1/EA101/EA101TR-8/EA101TR-8_IMG_WEB_OUT(01).jpg,-,test,images/International-Manufacturing-Technology-Show-IMTS_ey0FjpF.jpg,this is a snippet ,test body
55,EA101TR-11,test author,https://www.esco-net.com/wcs/escort/ItemFile/EA1/EA101/EA101TR-11/EA101TR-11_IMG_WEB_OUT(01).jpg,-,test,images/International-Manufacturing-Technology-Show-IMTS_ey0FjpF.jpg,this is a snippet ,test body
56,EA101TR-12,test author,https://www.esco-net.com/wcs/escort/ItemFile/EA1/EA101/EA101TR-12/EA101TR-12_IMG_WEB_OUT(01).jpg,-,test,images/International-Manufacturing-Technology-Show-IMTS_ey0FjpF.jpg,this is a snippet ,test body
57,EA101TR-20,test author,https://www.esco-net.com/wcs/escort/ItemFile/EA1/EA101/EA101TR-20/EA101TR-20_IMG_WEB_OUT(01).jpg,-,test,images/International-Manufacturing-Technology-Show-IMTS_ey0FjpF.jpg,this is a snippet ,test body
58,EA101TS-1,test author,https://www.esco-net.com/wcs/escort/ItemFile/EA1/EA101/EA101TS-1/EA101TS-1_IMG_WEB_OUT(01).jpg,-,test,images/International-Manufacturing-Technology-Show-IMTS_ey0FjpF.jpg,this is a snippet ,test body
59,EA101TS-2,test author,https://www.esco-net.com/wcs/escort/ItemFile/EA1/EA101/EA101TS-2/EA101TS-2_IMG_WEB_OUT(01).jpg,-,test,images/International-Manufacturing-Technology-Show-IMTS_ey0FjpF.jpg,this is a snippet ,test body
60,EA101TS-9,test author,https://www.esco-net.com/wcs/escort/ItemFile/EA1/EA101/EA101TS-9/EA101TS-9_IMG_WEB_OUT(01).jpg,-,test,images/International-Manufacturing-Technology-Show-IMTS_ey0FjpF.jpg,this is a snippet ,test body
61,EA101TS-10,test author,https://www.esco-net.com/wcs/escort/ItemFile/EA1/EA101/EA101TS-10/EA101TS-10_IMG_WEB_OUT(01).jpg,-,test,images/International-Manufacturing-Technology-Show-IMTS_ey0FjpF.jpg,this is a snippet ,test body
62,EA101V-1,test author,https://www.esco-net.com/wcs/escort/ItemFile/EA1/EA101/EA101V-1/EA101V-1_IMG_WEB_OUT(01).jpg,-,test,images/International-Manufacturing-Technology-Show-IMTS_ey0FjpF.jpg,this is a snippet ,test body
63,EA103E-2,test author,https://www.esco-net.com/wcs/escort/ItemFile/EA1/EA103/EA103E-2/EA103E-2_IMG_WEB_OUT(01).jpg,-,test,images/International-Manufacturing-Technology-Show-IMTS_ey0FjpF.jpg,this is a snippet ,test body
64,EA103EB,test author,https://www.esco-net.com/wcs/escort/ItemFile/EA1/EA103/EA103EB/EA103EB_IMG_WEB_OUT(01).jpg,-,test,images/International-Manufacturing-Technology-Show-IMTS_ey0FjpF.jpg,this is a snippet ,test body
65,EA103FA,test author,https://www.esco-net.com/wcs/escort/ItemFile/EA1/EA103/EA103FA/EA103FA_IMG_WEB_OUT(01).jpg,-,test,images/International-Manufacturing-Technology-Show-IMTS_ey0FjpF.jpg,this is a snippet ,test body
66,EA104AD-21,test author,https://www.esco-net.com/wcs/escort/ItemFile/EA1/EA104/EA104AD-21/EA104AD-21_IMG_WEB_OUT(01).jpg,-,test,images/International-Manufacturing-Technology-Show-IMTS_ey0FjpF.jpg,this is a snippet ,test body
67,EA104AD-22,test author,https://www.esco-net.com/wcs/escort/ItemFile/EA1/EA104/EA104AD-22/EA104AD-22_IMG_WEB_OUT(01).jpg,-,test,images/International-Manufacturing-Technology-Show-IMTS_ey0FjpF.jpg,this is a snippet ,test body
68,EA104AD-23,test author,https://www.esco-net.com/wcs/escort/ItemFile/EA1/EA104/EA104AD-23/EA104AD-23_IMG_WEB_OUT(01).jpg,-,test,images/International-Manufacturing-Technology-Show-IMTS_ey0FjpF.jpg,this is a snippet ,test body
69,EA104AD-24,test author,https://www.esco-net.com/wcs/escort/ItemFile/EA1/EA104/EA104AD-24/EA104AD-24_IMG_WEB_OUT(01).jpg,-,test,images/International-Manufacturing-Technology-Show-IMTS_ey0FjpF.jpg,this is a snippet ,test body
70,EA104AD-26A,test author,https://www.esco-net.com/wcs/escort/ItemFile/EA1/EA104/EA104AD-26A/EA104AD-26A_IMG_WEB_OUT(01).jpg,-,test,images/International-Manufacturing-Technology-Show-IMTS_ey0FjpF.jpg,this is a snippet ,test body
71,EA104AD-27A,test author,https://www.esco-net.com/wcs/escort/ItemFile/EA1/EA104/EA104AD-27A/EA104AD-27A_IMG_WEB_OUT(01).jpg,-,test,images/International-Manufacturing-Technology-Show-IMTS_ey0FjpF.jpg,this is a snippet ,test body
72,EA104AD-28A,test author,https://www.esco-net.com/wcs/escort/ItemFile/EA1/EA104/EA104AD-28A/EA104AD-28A_IMG_WEB_OUT(01).jpg,-,test,images/International-Manufacturing-Technology-Show-IMTS_ey0FjpF.jpg,this is a snippet ,test body
73,EA104AE,test author,https://www.esco-net.com/wcs/escort/ItemFile/EA1/EA104/EA104AE/EA104AE_IMG_WEB_OUT(01).jpg,-,test,images/International-Manufacturing-Technology-Show-IMTS_ey0FjpF.jpg,this is a snippet ,test body
74,EA104AK-30,test author,https://www.esco-net.com/wcs/escort/ItemFile/EA1/EA104/EA104AK-30/EA104AK-30_IMG_WEB_OUT(01).jpg,-,test,images/International-Manufacturing-Technology-Show-IMTS_ey0FjpF.jpg,this is a snippet ,test body
75,EA104AK-31,test author,https://www.esco-net.com/wcs/escort/ItemFile/EA1/EA104/EA104AK-31/EA104AK-31_IMG_WEB_OUT(01).jpg,-,test,images/International-Manufacturing-Technology-Show-IMTS_ey0FjpF.jpg,this is a snippet ,test body
76,EA104AK-32,test author,https://www.esco-net.com/wcs/escort/ItemFile/EA1/EA104/EA104AK-32/EA104AK-32_IMG_WEB_OUT(01).jpg,-,test,images/International-Manufacturing-Technology-Show-IMTS_ey0FjpF.jpg,this is a snippet ,test body
77,EA104AK-33,test author,https://www.esco-net.com/wcs/escort/ItemFile/EA1/EA104/EA104AK-33/EA104AK-33_IMG_WEB_OUT(01).jpg,-,test,images/International-Manufacturing-Technology-Show-IMTS_ey0FjpF.jpg,this is a snippet ,test body
78,EA104F-1,test author,https://www.esco-net.com/wcs/escort/ItemFile/EA1/EA104/EA104F-1/EA104F-1_IMG_WEB_OUT(01).jpg,-,test,images/International-Manufacturing-Technology-Show-IMTS_ey0FjpF.jpg,this is a snippet ,test body
79,EA105A-1,test author,https://www.esco-net.com/wcs/escort/ItemFile/EA1/EA105/EA105A-1/EA105A-1_IMG_WEB_OUT(01).jpg,-,test,images/International-Manufacturing-Technology-Show-IMTS_ey0FjpF.jpg,this is a snippet ,test body
80,EA105A-2,test author,https://www.esco-net.com/wcs/escort/ItemFile/EA1/EA105/EA105A-2/EA105A-2_IMG_WEB_OUT(01).jpg,-,test,images/International-Manufacturing-Technology-Show-IMTS_ey0FjpF.jpg,this is a snippet ,test body
81,EA105A-11,test author,https://www.esco-net.com/wcs/escort/ItemFile/EA1/EA105/EA105A-11/EA105A-11_IMG_WEB_OUT(01).jpg,-,test,images/International-Manufacturing-Technology-Show-IMTS_ey0FjpF.jpg,this is a snippet ,test body
82,EA105A-12,test author,https://www.esco-net.com/wcs/escort/ItemFile/EA1/EA105/EA105A-12/EA105A-12_IMG_WEB_OUT(01).jpg,-,test,images/International-Manufacturing-Technology-Show-IMTS_ey0FjpF.jpg,this is a snippet ,test body
83,EA105A-13,test author,https://www.esco-net.com/wcs/escort/ItemFile/EA1/EA105/EA105A-13/EA105A-13_IMG_WEB_OUT(01).jpg,-,test,images/International-Manufacturing-Technology-Show-IMTS_ey0FjpF.jpg,this is a snippet ,test body
84,EA105AB-1,test author,https://www.esco-net.com/wcs/escort/ItemFile/EA1/EA105/EA105AB-1/EA105AB-1_IMG_WEB_OUT(01).jpg,-,test,images/International-Manufacturing-Technology-Show-IMTS_ey0FjpF.jpg,this is a snippet ,test body
85,EA105BB-80,test author,https://www.esco-net.com/wcs/escort/ItemFile/EA1/EA105/EA105BB-80/EA105BB-80_IMG_WEB_OUT(01).jpg,-,test,images/International-Manufacturing-Technology-Show-IMTS_ey0FjpF.jpg,this is a snippet ,test body
86,EA105D,test author,https://www.esco-net.com/wcs/escort/ItemFile/EA1/EA105/EA105D/EA105D_IMG_WEB_OUT(01).jpg,-,test,images/International-Manufacturing-Technology-Show-IMTS_ey0FjpF.jpg,this is a snippet ,test body
87,EA105E,test author,https://www.esco-net.com/wcs/escort/ItemFile/EA1/EA105/EA105E/EA105E_IMG_WEB_OUT(01).jpg,-,test,images/International-Manufacturing-Technology-Show-IMTS_ey0FjpF.jpg,this is a snippet ,test body
88,EA105HA,test author,https://www.esco-net.com/wcs/escort/ItemFile/EA1/EA105/EA105HA/EA105HA_IMG_WEB_OUT(01).jpg,-,test,images/International-Manufacturing-Technology-Show-IMTS_ey0FjpF.jpg,this is a snippet ,test body
89,EA105TB-80A,test author,https://www.esco-net.com/wcs/escort/ItemFile/EA1/EA105/EA105TB-80A/EA105TB-80A_IMG_WEB_OUT(01).jpg,-,test,images/International-Manufacturing-Technology-Show-IMTS_ey0FjpF.jpg,this is a snippet ,test body
90,EA105Z-1,test author,https://www.esco-net.com/wcs/escort/ItemFile/EA1/EA105/EA105Z-1/EA105Z-1_IMG_WEB_OUT(01).jpg,-,test,images/International-Manufacturing-Technology-Show-IMTS_ey0FjpF.jpg,this is a snippet ,test body
91,EA106A-1,test author,https://www.esco-net.com/wcs/escort/ItemFile/EA1/EA106/EA106A-1/EA106A-1_IMG_WEB_OUT(01).jpg,-,test,images/International-Manufacturing-Technology-Show-IMTS_ey0FjpF.jpg,this is a snippet ,test body
92,EA106A-2,test author,https://www.esco-net.com/wcs/escort/ItemFile/EA1/EA106/EA106A-2/EA106A-2_IMG_WEB_OUT(01).jpg,-,test,images/International-Manufacturing-Technology-Show-IMTS_ey0FjpF.jpg,this is a snippet ,test body
93,EA106AB-1,test author,https://www.esco-net.com/wcs/escort/ItemFile/EA1/EA106/EA106AB-1/EA106AB-1_IMG_WEB_OUT(01).jpg,-,test,images/International-Manufacturing-Technology-Show-IMTS_ey0FjpF.jpg,this is a snippet ,test body
94,EA106AB-2,test author,https://www.esco-net.com/wcs/escort/ItemFile/EA1/EA106/EA106AB-2/EA106AB-2_IMG_WEB_OUT(01).jpg,-,test,images/International-Manufacturing-Technology-Show-IMTS_ey0FjpF.jpg,this is a snippet ,test body
95,EA106BA,test author,https://www.esco-net.com/wcs/escort/ItemFile/EA1/EA106/EA106BA/EA106BA_IMG_WEB_OUT(01).jpg,-,test,images/International-Manufacturing-Technology-Show-IMTS_ey0FjpF.jpg,this is a snippet ,test body
96,EA106BB-80,test author,https://www.esco-net.com/wcs/escort/ItemFile/EA1/EA106/EA106BB-80/EA106BB-80_IMG_WEB_OUT(01).jpg,-,test,images/International-Manufacturing-Technology-Show-IMTS_ey0FjpF.jpg,this is a snippet ,test body
97,EA106BC,test author,https://www.esco-net.com/wcs/escort/ItemFile/EA1/EA106/EA106BC/EA106BC_IMG_WEB_OUT(01).jpg,-,test,images/International-Manufacturing-Technology-Show-IMTS_ey0FjpF.jpg,this is a snippet ,test body
