id,product_model,product_name,maker,general_name,keyword,category,category2,sub_categoryOne,sub_categoryTwo,country_of_origin,link,imgURL1,imgURL2,imgURL3,short_description,spec,weight,size_one,price,shipping,stock
73,EA109HH,5-piece set Water-based paint brushes,Tojits,-,-,"Sheet metal, masonry, plastering, carpenter, interior, painting, glass tool",(For painting) Brush,-,-,-,-,https://www.esco-net.com/wcs/escort/ItemFile/EA1/EA109/EA109HH/EA109HH_IMG_WEB_OUT(01).jpg,-,-,"<p><em>It has been a prevalent notion. Fallen sparks. Fragments of vessels broken at the Creation. And someday, somehow, before the end, a gathering back to home. A messenger from the Kingdom, arriving at the last moment. But I tell you there is no such message, no such home -- only the millions of last moments . . . nothing more. Our history is an aggregate of last moments.</em></p>","<p>The Snow Man</p> <p>One must have a mind of winter<br /> To regard the frost and the boughs<br /> Of the pine-trees crusted with snow;</p> <p>And have been cold a long time<br /> To behold the junipers shagged with ice,<br /> The spruces rough in the distant glitter</p> <p>Of the January sun; and not to think<br /> Of any misery in the sound of the wind,<br /> In the sound of a few leaves,</p> <p>Which is the sound of the land<br /> Full of the same wind<br /> That is blowing in the same bare place</p> <p>For the listener, who listens in the snow,<br /> And, nothing himself, beholds<br /> Nothing that is not there and the nothing that is.</p>",150,5,2393.6,2440,3
74,EA121DF-1,airbrush kit,Linson & Bright (KTS) [Lin Sheng Industry],-,-,"Air compressors, air tools, air hose reels, pneumatic equipment",Chamfering tool,-,-,-,-,https://www.esco-net.com/wcs/escort/ItemFile/EA1/EA121/EA121DF-1/EA121DF-1_IMG_WEB_OUT(01).jpg,-,-,"<p><em>It has been a prevalent notion. Fallen sparks. Fragments of vessels broken at the Creation. And someday, somehow, before the end, a gathering back to home. A messenger from the Kingdom, arriving at the last moment. But I tell you there is no such message, no such home -- only the millions of last moments . . . nothing more. Our history is an aggregate of last moments.</em></p>","<p>The Snow Man</p> <p>One must have a mind of winter<br /> To regard the frost and the boughs<br /> Of the pine-trees crusted with snow;</p> <p>And have been cold a long time<br /> To behold the junipers shagged with ice,<br /> The spruces rough in the distant glitter</p> <p>Of the January sun; and not to think<br /> Of any misery in the sound of the wind,<br /> In the sound of a few leaves,</p> <p>Which is the sound of the land<br /> Full of the same wind<br /> That is blowing in the same bare place</p> <p>For the listener, who listens in the snow,<br /> And, nothing himself, beholds<br /> Nothing that is not there and the nothing that is.</p>",468,5,8768,2440,3
75,EA207KD-2,Scraper set (for both 2.6mm and 3.2mm shafts),Noga Waters,-,-,"Car ,  Construction Machinery Maintenance, Industrial Machinery Service Tools",Chamfering tool,-,-,-,-,https://www.esco-net.com/wcs/escort/ItemFile/EA2/EA207/EA207KD-2/EA207KD-2_IMG_WEB_OUT(01).jpg,-,-,"<p><em>It has been a prevalent notion. Fallen sparks. Fragments of vessels broken at the Creation. And someday, somehow, before the end, a gathering back to home. A messenger from the Kingdom, arriving at the last moment. But I tell you there is no such message, no such home -- only the millions of last moments . . . nothing more. Our history is an aggregate of last moments.</em></p>","<p>The Snow Man</p> <p>One must have a mind of winter<br /> To regard the frost and the boughs<br /> Of the pine-trees crusted with snow;</p> <p>And have been cold a long time<br /> To behold the junipers shagged with ice,<br /> The spruces rough in the distant glitter</p> <p>Of the January sun; and not to think<br /> Of any misery in the sound of the wind,<br /> In the sound of a few leaves,</p> <p>Which is the sound of the land<br /> Full of the same wind<br /> That is blowing in the same bare place</p> <p>For the listener, who listens in the snow,<br /> And, nothing himself, beholds<br /> Nothing that is not there and the nothing that is.</p>",140,5,2899.2,2440,3
76,EA304ZB-10,Soldering iron kit (gas type),"PRO-IRODA [Love Site, Iroda]",-,-,"Clock tools, loupe, soldering iron, mini torch, heat cutter",Resin pipe use tool,-,-,-,-,https://www.esco-net.com/wcs/escort/ItemFile/EA3/EA304/EA304ZB-10/EA304ZB-10_IMG_WEB_OUT(01).jpg,-,-,"<p><em>It has been a prevalent notion. Fallen sparks. Fragments of vessels broken at the Creation. And someday, somehow, before the end, a gathering back to home. A messenger from the Kingdom, arriving at the last moment. But I tell you there is no such message, no such home -- only the millions of last moments . . . nothing more. Our history is an aggregate of last moments.</em></p>","<p>The Snow Man</p> <p>One must have a mind of winter<br /> To regard the frost and the boughs<br /> Of the pine-trees crusted with snow;</p> <p>And have been cold a long time<br /> To behold the junipers shagged with ice,<br /> The spruces rough in the distant glitter</p> <p>Of the January sun; and not to think<br /> Of any misery in the sound of the wind,<br /> In the sound of a few leaves,</p> <p>Which is the sound of the land<br /> Full of the same wind<br /> That is blowing in the same bare place</p> <p>For the listener, who listens in the snow,<br /> And, nothing himself, beholds<br /> Nothing that is not there and the nothing that is.</p>",320,5,3264,2440,3
77,EA338AK-30,"φ60mm, 250mm pipe cutter (for PVC, ratchet type)",Master Tool,-,-,"Refrigeration, air conditioning tools, piping materials, coolers, fans, heaters","Mole -cuter, cottage, electric craftsmanship scissors",-,-,-,-,https://www.esco-net.com/wcs/escort/ItemFile/EA3/EA338/EA338AK-30/EA338AK-30_IMG_WEB_OUT(01).jpg,-,-,"<p><em>It has been a prevalent notion. Fallen sparks. Fragments of vessels broken at the Creation. And someday, somehow, before the end, a gathering back to home. A messenger from the Kingdom, arriving at the last moment. But I tell you there is no such message, no such home -- only the millions of last moments . . . nothing more. Our history is an aggregate of last moments.</em></p>","<p>The Snow Man</p> <p>One must have a mind of winter<br /> To regard the frost and the boughs<br /> Of the pine-trees crusted with snow;</p> <p>And have been cold a long time<br /> To behold the junipers shagged with ice,<br /> The spruces rough in the distant glitter</p> <p>Of the January sun; and not to think<br /> Of any misery in the sound of the wind,<br /> In the sound of a few leaves,</p> <p>Which is the sound of the land<br /> Full of the same wind<br /> That is blowing in the same bare place</p> <p>For the listener, who listens in the snow,<br /> And, nothing himself, beholds<br /> Nothing that is not there and the nothing that is.</p>",443,5,6976,2440,3
78,EA338DD,295mm duct mall cutter,MCC Corporation,-,-,"Electrical work tools, insulated tools, construction site work lights","Mole -cuter, cottage, electric craftsmanship scissors",-,-,-,-,https://www.esco-net.com/wcs/escort/ItemFile/EA3/EA338/EA338DD/EA338DD_IMG_WEB_OUT(01).jpg,-,-,"<p><em>It has been a prevalent notion. Fallen sparks. Fragments of vessels broken at the Creation. And someday, somehow, before the end, a gathering back to home. A messenger from the Kingdom, arriving at the last moment. But I tell you there is no such message, no such home -- only the millions of last moments . . . nothing more. Our history is an aggregate of last moments.</em></p>","<p>The Snow Man</p> <p>One must have a mind of winter<br /> To regard the frost and the boughs<br /> Of the pine-trees crusted with snow;</p> <p>And have been cold a long time<br /> To behold the junipers shagged with ice,<br /> The spruces rough in the distant glitter</p> <p>Of the January sun; and not to think<br /> Of any misery in the sound of the wind,<br /> In the sound of a few leaves,</p> <p>Which is the sound of the land<br /> Full of the same wind<br /> That is blowing in the same bare place</p> <p>For the listener, who listens in the snow,<br /> And, nothing himself, beholds<br /> Nothing that is not there and the nothing that is.</p>",650,5,9600,3180,3
79,EA338EA-3,240mm mall cutter (universal type),EDMA [Edoma],-,-,"Electrical work tools, insulated tools, construction site work lights",Resin pipe use tool,-,-,-,-,https://www.esco-net.com/wcs/escort/ItemFile/EA3/EA338/EA338EA-3/EA338EA-3_IMG_WEB_OUT(01).jpg,-,-,"<p><em>It has been a prevalent notion. Fallen sparks. Fragments of vessels broken at the Creation. And someday, somehow, before the end, a gathering back to home. A messenger from the Kingdom, arriving at the last moment. But I tell you there is no such message, no such home -- only the millions of last moments . . . nothing more. Our history is an aggregate of last moments.</em></p>","<p>The Snow Man</p> <p>One must have a mind of winter<br /> To regard the frost and the boughs<br /> Of the pine-trees crusted with snow;</p> <p>And have been cold a long time<br /> To behold the junipers shagged with ice,<br /> The spruces rough in the distant glitter</p> <p>Of the January sun; and not to think<br /> Of any misery in the sound of the wind,<br /> In the sound of a few leaves,</p> <p>Which is the sound of the land<br /> Full of the same wind<br /> That is blowing in the same bare place</p> <p>For the listener, who listens in the snow,<br /> And, nothing himself, beholds<br /> Nothing that is not there and the nothing that is.</p>",422,5,3840,2440,3
80,EA353AB-63,"LL, 308mm Gloves, anti-vibration (for chainsaw work)",Max,-,-,Safety protection,"Gloves ,  arm cabar",-,-,-,-,https://www.esco-net.com/wcs/escort/ItemFile/EA3/EA353/EA353AB-63/EA353AB-63_IMG_WEB_OUT(01).jpg,-,-,"<p><em>It has been a prevalent notion. Fallen sparks. Fragments of vessels broken at the Creation. And someday, somehow, before the end, a gathering back to home. A messenger from the Kingdom, arriving at the last moment. But I tell you there is no such message, no such home -- only the millions of last moments . . . nothing more. Our history is an aggregate of last moments.</em></p>","<p>The Snow Man</p> <p>One must have a mind of winter<br /> To regard the frost and the boughs<br /> Of the pine-trees crusted with snow;</p> <p>And have been cold a long time<br /> To behold the junipers shagged with ice,<br /> The spruces rough in the distant glitter</p> <p>Of the January sun; and not to think<br /> Of any misery in the sound of the wind,<br /> In the sound of a few leaves,</p> <p>Which is the sound of the land<br /> Full of the same wind<br /> That is blowing in the same bare place</p> <p>For the listener, who listens in the snow,<br /> And, nothing himself, beholds<br /> Nothing that is not there and the nothing that is.</p>",140,5,3520,2440,3
81,EA522G-82,"210x70x25mm, #600 Square whetstone (for rough grinding)",Naniwa Kenma Kogyo,-,-,"Files, whetstone, abrasive, wire brush",Brick and tile tools,-,-,-,-,https://www.esco-net.com/wcs/escort/ItemFile/EA5/EA522/EA522G-82/EA522G-82_IMG_WEB_OUT(01).jpg,-,-,"<p><em>It has been a prevalent notion. Fallen sparks. Fragments of vessels broken at the Creation. And someday, somehow, before the end, a gathering back to home. A messenger from the Kingdom, arriving at the last moment. But I tell you there is no such message, no such home -- only the millions of last moments . . . nothing more. Our history is an aggregate of last moments.</em></p>","<p>The Snow Man</p> <p>One must have a mind of winter<br /> To regard the frost and the boughs<br /> Of the pine-trees crusted with snow;</p> <p>And have been cold a long time<br /> To behold the junipers shagged with ice,<br /> The spruces rough in the distant glitter</p> <p>Of the January sun; and not to think<br /> Of any misery in the sound of the wind,<br /> In the sound of a few leaves,</p> <p>Which is the sound of the land<br /> Full of the same wind<br /> That is blowing in the same bare place</p> <p>For the listener, who listens in the snow,<br /> And, nothing himself, beholds<br /> Nothing that is not there and the nothing that is.</p>",1490,5,6227.2,3930,3
82,EA527AA-22,[For EA527AA-21] Replacement Movable Blade,Koyama knife factory,-,-,"Electrical work tools, insulated tools, construction site work lights",Electrical tool,-,-,-,-,https://www.esco-net.com/wcs/escort/ItemFile/EA5/EA527/EA527AA-22/EA527AA-22_IMG_WEB_OUT(01).jpg,-,-,"<p><em>It has been a prevalent notion. Fallen sparks. Fragments of vessels broken at the Creation. And someday, somehow, before the end, a gathering back to home. A messenger from the Kingdom, arriving at the last moment. But I tell you there is no such message, no such home -- only the millions of last moments . . . nothing more. Our history is an aggregate of last moments.</em></p>","<p>The Snow Man</p> <p>One must have a mind of winter<br /> To regard the frost and the boughs<br /> Of the pine-trees crusted with snow;</p> <p>And have been cold a long time<br /> To behold the junipers shagged with ice,<br /> The spruces rough in the distant glitter</p> <p>Of the January sun; and not to think<br /> Of any misery in the sound of the wind,<br /> In the sound of a few leaves,</p> <p>Which is the sound of the land<br /> Full of the same wind<br /> That is blowing in the same bare place</p> <p>For the listener, who listens in the snow,<br /> And, nothing himself, beholds<br /> Nothing that is not there and the nothing that is.</p>",310,5,11968,2440,3
83,EA530H-200,"200mm, 30mm monkey wrench (insulated grip)",IREGA,-,-,"Electrical work tools, insulated tools, construction site work lights","Screw -to -screw -up pledia ,  conversion plan",-,-,-,-,https://www.esco-net.com/wcs/escort/ItemFile/EA5/EA530/EA530H-200/EA530H-200_IMG_WEB_OUT(01).jpg,-,-,"<p><em>It has been a prevalent notion. Fallen sparks. Fragments of vessels broken at the Creation. And someday, somehow, before the end, a gathering back to home. A messenger from the Kingdom, arriving at the last moment. But I tell you there is no such message, no such home -- only the millions of last moments . . . nothing more. Our history is an aggregate of last moments.</em></p>","<p>The Snow Man</p> <p>One must have a mind of winter<br /> To regard the frost and the boughs<br /> Of the pine-trees crusted with snow;</p> <p>And have been cold a long time<br /> To behold the junipers shagged with ice,<br /> The spruces rough in the distant glitter</p> <p>Of the January sun; and not to think<br /> Of any misery in the sound of the wind,<br /> In the sound of a few leaves,</p> <p>Which is the sound of the land<br /> Full of the same wind<br /> That is blowing in the same bare place</p> <p>For the listener, who listens in the snow,<br /> And, nothing himself, beholds<br /> Nothing that is not there and the nothing that is.</p>",400,5,2937.6,2440,3
84,EA530ZD-1,"70mm, 260mm motor wrench (aluminum alloy)",MCC Corporation,-,-,"Explosion-proof tools, tools for water and gas plumbing work","Screw -to -screw -up pledia ,  conversion plan",-,-,-,-,https://www.esco-net.com/wcs/escort/ItemFile/EA5/EA530/EA530ZD-1/EA530ZD-1_IMG_WEB_OUT(01).jpg,-,-,"<p><em>It has been a prevalent notion. Fallen sparks. Fragments of vessels broken at the Creation. And someday, somehow, before the end, a gathering back to home. A messenger from the Kingdom, arriving at the last moment. But I tell you there is no such message, no such home -- only the millions of last moments . . . nothing more. Our history is an aggregate of last moments.</em></p>","<p>The Snow Man</p> <p>One must have a mind of winter<br /> To regard the frost and the boughs<br /> Of the pine-trees crusted with snow;</p> <p>And have been cold a long time<br /> To behold the junipers shagged with ice,<br /> The spruces rough in the distant glitter</p> <p>Of the January sun; and not to think<br /> Of any misery in the sound of the wind,<br /> In the sound of a few leaves,</p> <p>Which is the sound of the land<br /> Full of the same wind<br /> That is blowing in the same bare place</p> <p>For the listener, who listens in the snow,<br /> And, nothing himself, beholds<br /> Nothing that is not there and the nothing that is.</p>",280,5,2496,2440,3
85,EA532DE-21,Screw Pliers (Screw Saurus) Set,Engineer,-,-,"Electrical work tools, insulated tools, construction site work lights","Pench ,  Radio Pench ,  Player ,  Nipper",-,-,-,-,https://www.esco-net.com/wcs/escort/ItemFile/EA5/EA532/EA532DE-21/EA532DE-21_IMG_WEB_OUT(01).jpg,-,-,"<p><em>It has been a prevalent notion. Fallen sparks. Fragments of vessels broken at the Creation. And someday, somehow, before the end, a gathering back to home. A messenger from the Kingdom, arriving at the last moment. But I tell you there is no such message, no such home -- only the millions of last moments . . . nothing more. Our history is an aggregate of last moments.</em></p>","<p>The Snow Man</p> <p>One must have a mind of winter<br /> To regard the frost and the boughs<br /> Of the pine-trees crusted with snow;</p> <p>And have been cold a long time<br /> To behold the junipers shagged with ice,<br /> The spruces rough in the distant glitter</p> <p>Of the January sun; and not to think<br /> Of any misery in the sound of the wind,<br /> In the sound of a few leaves,</p> <p>Which is the sound of the land<br /> Full of the same wind<br /> That is blowing in the same bare place</p> <p>For the listener, who listens in the snow,<br /> And, nothing himself, beholds<br /> Nothing that is not there and the nothing that is.</p>",2108,5,9472,5420,3
86,EA532XA-2,"16-30mm, 185mm hog ring pliers",EDMA [Edoma],-,-,"Outside house operating supplies, camouflage ・ OD color supplies","Pench ,  Radio Pench ,  Player ,  Nipper",-,-,-,-,https://www.esco-net.com/wcs/escort/ItemFile/EA5/EA532/EA532XA-2/EA532XA-2_IMG_WEB_OUT(01).jpg,-,-,"<p><em>It has been a prevalent notion. Fallen sparks. Fragments of vessels broken at the Creation. And someday, somehow, before the end, a gathering back to home. A messenger from the Kingdom, arriving at the last moment. But I tell you there is no such message, no such home -- only the millions of last moments . . . nothing more. Our history is an aggregate of last moments.</em></p>","<p>The Snow Man</p> <p>One must have a mind of winter<br /> To regard the frost and the boughs<br /> Of the pine-trees crusted with snow;</p> <p>And have been cold a long time<br /> To behold the junipers shagged with ice,<br /> The spruces rough in the distant glitter</p> <p>Of the January sun; and not to think<br /> Of any misery in the sound of the wind,<br /> In the sound of a few leaves,</p> <p>Which is the sound of the land<br /> Full of the same wind<br /> That is blowing in the same bare place</p> <p>For the listener, who listens in the snow,<br /> And, nothing himself, beholds<br /> Nothing that is not there and the nothing that is.</p>",254,5,2092.8,2440,3
87,EA539A,14.0-60.0m㎡ Hydraulic crimping tool (for bare terminals),Maxeluzumi,-,-,"Electrical work tools, insulated tools, construction site work lights",Scissors,-,-,-,-,https://www.esco-net.com/wcs/escort/ItemFile/EA5/EA539/EA539A/EA539A_IMG_WEB_OUT(01).jpg,-,-,"<p><em>It has been a prevalent notion. Fallen sparks. Fragments of vessels broken at the Creation. And someday, somehow, before the end, a gathering back to home. A messenger from the Kingdom, arriving at the last moment. But I tell you there is no such message, no such home -- only the millions of last moments . . . nothing more. Our history is an aggregate of last moments.</em></p>","<p>The Snow Man</p> <p>One must have a mind of winter<br /> To regard the frost and the boughs<br /> Of the pine-trees crusted with snow;</p> <p>And have been cold a long time<br /> To behold the junipers shagged with ice,<br /> The spruces rough in the distant glitter</p> <p>Of the January sun; and not to think<br /> Of any misery in the sound of the wind,<br /> In the sound of a few leaves,</p> <p>Which is the sound of the land<br /> Full of the same wind<br /> That is blowing in the same bare place</p> <p>For the listener, who listens in the snow,<br /> And, nothing himself, beholds<br /> Nothing that is not there and the nothing that is.</p>",2000,5,63680,5420,3
88,EA539PD-17,[For EA539PD-11] Replacement attachment (for ring sleeve),Maxeluzumi,-,-,"Electrical work tools, insulated tools, construction site work lights","Horticulture ,  greening conservation supplies",-,-,-,-,https://www.esco-net.com/wcs/escort/ItemFile/EA5/EA539/EA539PD-17/EA539PD-17_IMG_WEB_OUT(01).jpg,-,-,"<p><em>It has been a prevalent notion. Fallen sparks. Fragments of vessels broken at the Creation. And someday, somehow, before the end, a gathering back to home. A messenger from the Kingdom, arriving at the last moment. But I tell you there is no such message, no such home -- only the millions of last moments . . . nothing more. Our history is an aggregate of last moments.</em></p>","<p>The Snow Man</p> <p>One must have a mind of winter<br /> To regard the frost and the boughs<br /> Of the pine-trees crusted with snow;</p> <p>And have been cold a long time<br /> To behold the junipers shagged with ice,<br /> The spruces rough in the distant glitter</p> <p>Of the January sun; and not to think<br /> Of any misery in the sound of the wind,<br /> In the sound of a few leaves,</p> <p>Which is the sound of the land<br /> Full of the same wind<br /> That is blowing in the same bare place</p> <p>For the listener, who listens in the snow,<br /> And, nothing himself, beholds<br /> Nothing that is not there and the nothing that is.</p>",184,5,6464,2440,3
89,EA540BC-9,"15mm, 185mm cable shears",Ars Corporation,-,-,"Electrical work tools, insulated tools, construction site work lights",Wayer,-,-,-,-,https://www.esco-net.com/wcs/escort/ItemFile/EA5/EA540/EA540BC-9/EA540BC-9_IMG_WEB_OUT(01).jpg,-,-,"<p><em>It has been a prevalent notion. Fallen sparks. Fragments of vessels broken at the Creation. And someday, somehow, before the end, a gathering back to home. A messenger from the Kingdom, arriving at the last moment. But I tell you there is no such message, no such home -- only the millions of last moments . . . nothing more. Our history is an aggregate of last moments.</em></p>","<p>The Snow Man</p> <p>One must have a mind of winter<br /> To regard the frost and the boughs<br /> Of the pine-trees crusted with snow;</p> <p>And have been cold a long time<br /> To behold the junipers shagged with ice,<br /> The spruces rough in the distant glitter</p> <p>Of the January sun; and not to think<br /> Of any misery in the sound of the wind,<br /> In the sound of a few leaves,</p> <p>Which is the sound of the land<br /> Full of the same wind<br /> That is blowing in the same bare place</p> <p>For the listener, who listens in the snow,<br /> And, nothing himself, beholds<br /> Nothing that is not there and the nothing that is.</p>",135,5,1862.4,2440,3
90,EA550AN-1,[+ - Hex Socket] Driver Set (Ratchet Type),Kenko Seisakusho,-,-,"Driver, bit, impact driver, hex wrench",Tan tool,-,-,-,-,https://www.esco-net.com/wcs/escort/ItemFile/EA5/EA550/EA550AN-1/EA550AN-1_IMG_WEB_OUT(01).jpg,-,-,"<p><em>It has been a prevalent notion. Fallen sparks. Fragments of vessels broken at the Creation. And someday, somehow, before the end, a gathering back to home. A messenger from the Kingdom, arriving at the last moment. But I tell you there is no such message, no such home -- only the millions of last moments . . . nothing more. Our history is an aggregate of last moments.</em></p>","<p>The Snow Man</p> <p>One must have a mind of winter<br /> To regard the frost and the boughs<br /> Of the pine-trees crusted with snow;</p> <p>And have been cold a long time<br /> To behold the junipers shagged with ice,<br /> The spruces rough in the distant glitter</p> <p>Of the January sun; and not to think<br /> Of any misery in the sound of the wind,<br /> In the sound of a few leaves,</p> <p>Which is the sound of the land<br /> Full of the same wind<br /> That is blowing in the same bare place</p> <p>For the listener, who listens in the snow,<br /> And, nothing himself, beholds<br /> Nothing that is not there and the nothing that is.</p>",598,5,3603.2,3180,3
91,EA573KF-108,"1.5-8.0mm, set of 8 [Ball Hexagon] key wrench",Kenko Seisakusho,-,-,"Driver, bit, impact driver, hex wrench",Electrical tool,-,-,-,-,https://www.esco-net.com/wcs/escort/ItemFile/EA5/EA573/EA573KF-108/EA573KF-108_IMG_WEB_OUT(01).jpg,-,-,"<p><em>It has been a prevalent notion. Fallen sparks. Fragments of vessels broken at the Creation. And someday, somehow, before the end, a gathering back to home. A messenger from the Kingdom, arriving at the last moment. But I tell you there is no such message, no such home -- only the millions of last moments . . . nothing more. Our history is an aggregate of last moments.</em></p>","<p>The Snow Man</p> <p>One must have a mind of winter<br /> To regard the frost and the boughs<br /> Of the pine-trees crusted with snow;</p> <p>And have been cold a long time<br /> To behold the junipers shagged with ice,<br /> The spruces rough in the distant glitter</p> <p>Of the January sun; and not to think<br /> Of any misery in the sound of the wind,<br /> In the sound of a few leaves,</p> <p>Which is the sound of the land<br /> Full of the same wind<br /> That is blowing in the same bare place</p> <p>For the listener, who listens in the snow,<br /> And, nothing himself, beholds<br /> Nothing that is not there and the nothing that is.</p>",140,5,1612.8,2440,3
92,EA573XY-4,Multi-tool (folding type),Andreas Maier [Underses My],-,-,"Driver, bit, impact driver, hex wrench","Cracked keating rod ,  inspection hammer",-,-,-,-,https://www.esco-net.com/wcs/escort/ItemFile/EA5/EA573/EA573XY-4/EA573XY-4_IMG_WEB_OUT(01).jpg,-,-,"<p><em>It has been a prevalent notion. Fallen sparks. Fragments of vessels broken at the Creation. And someday, somehow, before the end, a gathering back to home. A messenger from the Kingdom, arriving at the last moment. But I tell you there is no such message, no such home -- only the millions of last moments . . . nothing more. Our history is an aggregate of last moments.</em></p>","<p>The Snow Man</p> <p>One must have a mind of winter<br /> To regard the frost and the boughs<br /> Of the pine-trees crusted with snow;</p> <p>And have been cold a long time<br /> To behold the junipers shagged with ice,<br /> The spruces rough in the distant glitter</p> <p>Of the January sun; and not to think<br /> Of any misery in the sound of the wind,<br /> In the sound of a few leaves,</p> <p>Which is the sound of the land<br /> Full of the same wind<br /> That is blowing in the same bare place</p> <p>For the listener, who listens in the snow,<br /> And, nothing himself, beholds<br /> Nothing that is not there and the nothing that is.</p>",142,5,2233.6,2440,3
93,EA575WV-63,"1000g, φ32x300mm copper hammer",O -Echi Kogyo,-,-,"Explosion-proof tools, tools for water and gas plumbing work","Pench ,  Radio Pench ,  Player ,  Nipper",-,-,-,-,https://www.esco-net.com/wcs/escort/ItemFile/EA5/EA575/EA575WV-63/EA575WV-63_IMG_WEB_OUT(01).jpg,-,-,"<p><em>It has been a prevalent notion. Fallen sparks. Fragments of vessels broken at the Creation. And someday, somehow, before the end, a gathering back to home. A messenger from the Kingdom, arriving at the last moment. But I tell you there is no such message, no such home -- only the millions of last moments . . . nothing more. Our history is an aggregate of last moments.</em></p>","<p>The Snow Man</p> <p>One must have a mind of winter<br /> To regard the frost and the boughs<br /> Of the pine-trees crusted with snow;</p> <p>And have been cold a long time<br /> To behold the junipers shagged with ice,<br /> The spruces rough in the distant glitter</p> <p>Of the January sun; and not to think<br /> Of any misery in the sound of the wind,<br /> In the sound of a few leaves,</p> <p>Which is the sound of the land<br /> Full of the same wind<br /> That is blowing in the same bare place</p> <p>For the listener, who listens in the snow,<br /> And, nothing himself, beholds<br /> Nothing that is not there and the nothing that is.</p>",1000,5,6195.2,3930,3
94,EA581AC-11,20m chalk line (short winding),Shinwa measurement,-,-,Measing tools,"Couple Cutter ,  Cover Storypar ,  Chushing Tool",-,-,-,-,https://www.esco-net.com/wcs/escort/ItemFile/EA5/EA581/EA581AC-11/EA581AC-11_IMG_WEB_OUT(01).jpg,-,-,"<p><em>It has been a prevalent notion. Fallen sparks. Fragments of vessels broken at the Creation. And someday, somehow, before the end, a gathering back to home. A messenger from the Kingdom, arriving at the last moment. But I tell you there is no such message, no such home -- only the millions of last moments . . . nothing more. Our history is an aggregate of last moments.</em></p>","<p>The Snow Man</p> <p>One must have a mind of winter<br /> To regard the frost and the boughs<br /> Of the pine-trees crusted with snow;</p> <p>And have been cold a long time<br /> To behold the junipers shagged with ice,<br /> The spruces rough in the distant glitter</p> <p>Of the January sun; and not to think<br /> Of any misery in the sound of the wind,<br /> In the sound of a few leaves,</p> <p>Which is the sound of the land<br /> Full of the same wind<br /> That is blowing in the same bare place</p> <p>For the listener, who listens in the snow,<br /> And, nothing himself, beholds<br /> Nothing that is not there and the nothing that is.</p>",230,5,1894.4,2440,3
95,EA588DA-4,24mm sled plane (for work),Koyama Metal Industrial Office,-,-,"Sheet metal, masonry, plastering, carpenter, interior, painting, glass tool","Kanna, only, a sculpted sword, a cut knife",-,-,-,-,https://www.esco-net.com/wcs/escort/ItemFile/EA5/EA588/EA588DA-4/EA588DA-4_IMG_WEB_OUT(01).jpg,-,-,"<p><em>It has been a prevalent notion. Fallen sparks. Fragments of vessels broken at the Creation. And someday, somehow, before the end, a gathering back to home. A messenger from the Kingdom, arriving at the last moment. But I tell you there is no such message, no such home -- only the millions of last moments . . . nothing more. Our history is an aggregate of last moments.</em></p>","<p>The Snow Man</p> <p>One must have a mind of winter<br /> To regard the frost and the boughs<br /> Of the pine-trees crusted with snow;</p> <p>And have been cold a long time<br /> To behold the junipers shagged with ice,<br /> The spruces rough in the distant glitter</p> <p>Of the January sun; and not to think<br /> Of any misery in the sound of the wind,<br /> In the sound of a few leaves,</p> <p>Which is the sound of the land<br /> Full of the same wind<br /> That is blowing in the same bare place</p> <p>For the listener, who listens in the snow,<br /> And, nothing himself, beholds<br /> Nothing that is not there and the nothing that is.</p>",109,5,2009.6,2440,3
96,EA588FD-2A,2-piece work knife,Ikeuchi knife,-,-,"Sheet metal, masonry, plastering, carpenter, interior, painting, glass tool","Kanna, only, a sculpted sword, a cut knife",-,-,-,-,https://www.esco-net.com/wcs/escort/ItemFile/EA5/EA588/EA588FD-2A/EA588FD-2A_IMG_WEB_OUT(01).jpg,-,-,"<p><em>It has been a prevalent notion. Fallen sparks. Fragments of vessels broken at the Creation. And someday, somehow, before the end, a gathering back to home. A messenger from the Kingdom, arriving at the last moment. But I tell you there is no such message, no such home -- only the millions of last moments . . . nothing more. Our history is an aggregate of last moments.</em></p>","<p>The Snow Man</p> <p>One must have a mind of winter<br /> To regard the frost and the boughs<br /> Of the pine-trees crusted with snow;</p> <p>And have been cold a long time<br /> To behold the junipers shagged with ice,<br /> The spruces rough in the distant glitter</p> <p>Of the January sun; and not to think<br /> Of any misery in the sound of the wind,<br /> In the sound of a few leaves,</p> <p>Which is the sound of the land<br /> Full of the same wind<br /> That is blowing in the same bare place</p> <p>For the listener, who listens in the snow,<br /> And, nothing himself, beholds<br /> Nothing that is not there and the nothing that is.</p>",206,5,3635.2,2440,3
97,EA588GE-12,"50mm, 280mm round tip",PFEIL ,-,-,"Sheet metal, masonry, plastering, carpenter, interior, painting, glass tool","Kanna, only, a sculpted sword, a cut knife",-,-,-,-,https://www.esco-net.com/wcs/escort/ItemFile/EA5/EA588/EA588GE-12/EA588GE-12_IMG_WEB_OUT(01).jpg,-,-,"<p><em>It has been a prevalent notion. Fallen sparks. Fragments of vessels broken at the Creation. And someday, somehow, before the end, a gathering back to home. A messenger from the Kingdom, arriving at the last moment. But I tell you there is no such message, no such home -- only the millions of last moments . . . nothing more. Our history is an aggregate of last moments.</em></p>","<p>The Snow Man</p> <p>One must have a mind of winter<br /> To regard the frost and the boughs<br /> Of the pine-trees crusted with snow;</p> <p>And have been cold a long time<br /> To behold the junipers shagged with ice,<br /> The spruces rough in the distant glitter</p> <p>Of the January sun; and not to think<br /> Of any misery in the sound of the wind,<br /> In the sound of a few leaves,</p> <p>Which is the sound of the land<br /> Full of the same wind<br /> That is blowing in the same bare place</p> <p>For the listener, who listens in the snow,<br /> And, nothing himself, beholds<br /> Nothing that is not there and the nothing that is.</p>",844,5,10368,3180,3
98,EA588M-3,15-piece chisel set,Akira Miki ,-,-,"Sheet metal, masonry, plastering, carpenter, interior, painting, glass tool",Galas tool,-,-,-,-,https://www.esco-net.com/wcs/escort/ItemFile/EA5/EA588/EA588M-3/EA588M-3_IMG_WEB_OUT(01).jpg,-,-,"<p><em>It has been a prevalent notion. Fallen sparks. Fragments of vessels broken at the Creation. And someday, somehow, before the end, a gathering back to home. A messenger from the Kingdom, arriving at the last moment. But I tell you there is no such message, no such home -- only the millions of last moments . . . nothing more. Our history is an aggregate of last moments.</em></p>","<p>The Snow Man</p> <p>One must have a mind of winter<br /> To regard the frost and the boughs<br /> Of the pine-trees crusted with snow;</p> <p>And have been cold a long time<br /> To behold the junipers shagged with ice,<br /> The spruces rough in the distant glitter</p> <p>Of the January sun; and not to think<br /> Of any misery in the sound of the wind,<br /> In the sound of a few leaves,</p> <p>Which is the sound of the land<br /> Full of the same wind<br /> That is blowing in the same bare place</p> <p>For the listener, who listens in the snow,<br /> And, nothing himself, beholds<br /> Nothing that is not there and the nothing that is.</p>",942,5,19392,3180,3
99,EA589XH-5A,5 piece engraving only,Koyama Metal Industrial Office,-,-,"Sheet metal, masonry, plastering, carpenter, interior, painting, glass tool",Tan tool,-,-,-,-,https://www.esco-net.com/wcs/escort/ItemFile/EA5/EA589/EA589XH-5A/EA589XH-5A_IMG_WEB_OUT(01).jpg,-,-,"<p><em>It has been a prevalent notion. Fallen sparks. Fragments of vessels broken at the Creation. And someday, somehow, before the end, a gathering back to home. A messenger from the Kingdom, arriving at the last moment. But I tell you there is no such message, no such home -- only the millions of last moments . . . nothing more. Our history is an aggregate of last moments.</em></p>","<p>The Snow Man</p> <p>One must have a mind of winter<br /> To regard the frost and the boughs<br /> Of the pine-trees crusted with snow;</p> <p>And have been cold a long time<br /> To behold the junipers shagged with ice,<br /> The spruces rough in the distant glitter</p> <p>Of the January sun; and not to think<br /> Of any misery in the sound of the wind,<br /> In the sound of a few leaves,</p> <p>Which is the sound of the land<br /> Full of the same wind<br /> That is blowing in the same bare place</p> <p>For the listener, who listens in the snow,<br /> And, nothing himself, beholds<br /> Nothing that is not there and the nothing that is.</p>",1036,5,11072,3930,3
100,EA611KA-50,electric dollar socket holder set,Kenko Seisakusho,-,-,"Tool tips for electric and air tools, cutting tools",Tan tool,-,-,-,-,https://www.esco-net.com/wcs/escort/ItemFile/EA6/EA611/EA611KA-50/EA611KA-50_IMG_WEB_OUT(01).jpg,-,-,"<p><em>It has been a prevalent notion. Fallen sparks. Fragments of vessels broken at the Creation. And someday, somehow, before the end, a gathering back to home. A messenger from the Kingdom, arriving at the last moment. But I tell you there is no such message, no such home -- only the millions of last moments . . . nothing more. Our history is an aggregate of last moments.</em></p>","<p>The Snow Man</p> <p>One must have a mind of winter<br /> To regard the frost and the boughs<br /> Of the pine-trees crusted with snow;</p> <p>And have been cold a long time<br /> To behold the junipers shagged with ice,<br /> The spruces rough in the distant glitter</p> <p>Of the January sun; and not to think<br /> Of any misery in the sound of the wind,<br /> In the sound of a few leaves,</p> <p>Which is the sound of the land<br /> Full of the same wind<br /> That is blowing in the same bare place</p> <p>For the listener, who listens in the snow,<br /> And, nothing himself, beholds<br /> Nothing that is not there and the nothing that is.</p>",40,5,1056,2440,3
101,EA638JN-2,120mm snap hook (made of stainless steel),Suncor Stainless,-,-,"Architectural hardware and furniture hardware (steel, wood)","Wire Rapper & Hardware ,  Chang",-,-,-,-,https://www.esco-net.com/wcs/escort/ItemFile/EA6/EA638/EA638JN-2/EA638JN-2_IMG_WEB_OUT(01).jpg,-,-,"<p><em>It has been a prevalent notion. Fallen sparks. Fragments of vessels broken at the Creation. And someday, somehow, before the end, a gathering back to home. A messenger from the Kingdom, arriving at the last moment. But I tell you there is no such message, no such home -- only the millions of last moments . . . nothing more. Our history is an aggregate of last moments.</em></p>","<p>The Snow Man</p> <p>One must have a mind of winter<br /> To regard the frost and the boughs<br /> Of the pine-trees crusted with snow;</p> <p>And have been cold a long time<br /> To behold the junipers shagged with ice,<br /> The spruces rough in the distant glitter</p> <p>Of the January sun; and not to think<br /> Of any misery in the sound of the wind,<br /> In the sound of a few leaves,</p> <p>Which is the sound of the land<br /> Full of the same wind<br /> That is blowing in the same bare place</p> <p>For the listener, who listens in the snow,<br /> And, nothing himself, beholds<br /> Nothing that is not there and the nothing that is.</p>",295,5,2188.8,2440,3
102,EA650BA-28,"162mm,  395mm thin sickle (single-edged, left-handed)",Kimboshi,-,-,"Outside house operating supplies, camouflage ・ OD color supplies",Building -related measurement,-,-,-,-,https://www.esco-net.com/wcs/escort/ItemFile/EA6/EA650/EA650BA-28/EA650BA-28_IMG_WEB_OUT(01).jpg,-,-,"<p><em>It has been a prevalent notion. Fallen sparks. Fragments of vessels broken at the Creation. And someday, somehow, before the end, a gathering back to home. A messenger from the Kingdom, arriving at the last moment. But I tell you there is no such message, no such home -- only the millions of last moments . . . nothing more. Our history is an aggregate of last moments.</em></p>","<p>The Snow Man</p> <p>One must have a mind of winter<br /> To regard the frost and the boughs<br /> Of the pine-trees crusted with snow;</p> <p>And have been cold a long time<br /> To behold the junipers shagged with ice,<br /> The spruces rough in the distant glitter</p> <p>Of the January sun; and not to think<br /> Of any misery in the sound of the wind,<br /> In the sound of a few leaves,</p> <p>Which is the sound of the land<br /> Full of the same wind<br /> That is blowing in the same bare place</p> <p>For the listener, who listens in the snow,<br /> And, nothing himself, beholds<br /> Nothing that is not there and the nothing that is.</p>",150,5,1996.8,2440,3
103,EA758RH-1A,"[Rechargeable] Searchlight, LED (Black)",ASCENT FAIR LIMITE ,-,-,"Lights, lighting fixtures, light bulbs, batteries",Flash light,-,-,-,-,https://www.esco-net.com/wcs/escort/ItemFile/EA7/EA758/EA758RH-1A/EA758RH-1A_IMG_WEB_OUT(01).jpg,-,-,"<p><em>It has been a prevalent notion. Fallen sparks. Fragments of vessels broken at the Creation. And someday, somehow, before the end, a gathering back to home. A messenger from the Kingdom, arriving at the last moment. But I tell you there is no such message, no such home -- only the millions of last moments . . . nothing more. Our history is an aggregate of last moments.</em></p>","<p>The Snow Man</p> <p>One must have a mind of winter<br /> To regard the frost and the boughs<br /> Of the pine-trees crusted with snow;</p> <p>And have been cold a long time<br /> To behold the junipers shagged with ice,<br /> The spruces rough in the distant glitter</p> <p>Of the January sun; and not to think<br /> Of any misery in the sound of the wind,<br /> In the sound of a few leaves,</p> <p>Which is the sound of the land<br /> Full of the same wind<br /> That is blowing in the same bare place</p> <p>For the listener, who listens in the snow,<br /> And, nothing himself, beholds<br /> Nothing that is not there and the nothing that is.</p>",1150,5,7040,3930,3
104,EA758RK-66B,"[AAA x 3] Flashlight, LED (Silver)","AITEC Co., LTD ",-,-,"Lights, lighting fixtures, light bulbs, batteries",Flash light,-,-,-,-,https://www.esco-net.com/wcs/escort/ItemFile/EA7/EA758/EA758RK-66B/EA758RK-66B_IMG_WEB_OUT(01).jpg,-,-,"<p><em>It has been a prevalent notion. Fallen sparks. Fragments of vessels broken at the Creation. And someday, somehow, before the end, a gathering back to home. A messenger from the Kingdom, arriving at the last moment. But I tell you there is no such message, no such home -- only the millions of last moments . . . nothing more. Our history is an aggregate of last moments.</em></p>","<p>The Snow Man</p> <p>One must have a mind of winter<br /> To regard the frost and the boughs<br /> Of the pine-trees crusted with snow;</p> <p>And have been cold a long time<br /> To behold the junipers shagged with ice,<br /> The spruces rough in the distant glitter</p> <p>Of the January sun; and not to think<br /> Of any misery in the sound of the wind,<br /> In the sound of a few leaves,</p> <p>Which is the sound of the land<br /> Full of the same wind<br /> That is blowing in the same bare place</p> <p>For the listener, who listens in the snow,<br /> And, nothing himself, beholds<br /> Nothing that is not there and the nothing that is.</p>",166,5,1600,2440,3
105,EA813A-47S,Offset adapter ratchet wrench set,Kenko Seisakusho,-,-,"Tool tips for electric and air tools, cutting tools",Special dial,-,-,-,-,https://www.esco-net.com/wcs/escort/ItemFile/EA8/EA813/EA813A-47S/EA813A-47S_IMG_WEB_OUT(01).jpg,-,-,"<p><em>It has been a prevalent notion. Fallen sparks. Fragments of vessels broken at the Creation. And someday, somehow, before the end, a gathering back to home. A messenger from the Kingdom, arriving at the last moment. But I tell you there is no such message, no such home -- only the millions of last moments . . . nothing more. Our history is an aggregate of last moments.</em></p>","<p>The Snow Man</p> <p>One must have a mind of winter<br /> To regard the frost and the boughs<br /> Of the pine-trees crusted with snow;</p> <p>And have been cold a long time<br /> To behold the junipers shagged with ice,<br /> The spruces rough in the distant glitter</p> <p>Of the January sun; and not to think<br /> Of any misery in the sound of the wind,<br /> In the sound of a few leaves,</p> <p>Which is the sound of the land<br /> Full of the same wind<br /> That is blowing in the same bare place</p> <p>For the listener, who listens in the snow,<br /> And, nothing himself, beholds<br /> Nothing that is not there and the nothing that is.</p>",1096,5,11200,3930,3
106,EA912JA-3,165mm Nakiri Knife (handmade),"Forest Industries Co., Ltd.",-,-,"Home appliances, health equipment, daily necessities, consumables","Tools, tool bag",-,-,-,-,https://www.esco-net.com/wcs/escort/ItemFile/EA9/EA912/EA912JA-3/EA912JA-3_IMG_WEB_OUT(01).jpg,-,-,"<p><em>It has been a prevalent notion. Fallen sparks. Fragments of vessels broken at the Creation. And someday, somehow, before the end, a gathering back to home. A messenger from the Kingdom, arriving at the last moment. But I tell you there is no such message, no such home -- only the millions of last moments . . . nothing more. Our history is an aggregate of last moments.</em></p>","<p>The Snow Man</p> <p>One must have a mind of winter<br /> To regard the frost and the boughs<br /> Of the pine-trees crusted with snow;</p> <p>And have been cold a long time<br /> To behold the junipers shagged with ice,<br /> The spruces rough in the distant glitter</p> <p>Of the January sun; and not to think<br /> Of any misery in the sound of the wind,<br /> In the sound of a few leaves,</p> <p>Which is the sound of the land<br /> Full of the same wind<br /> That is blowing in the same bare place</p> <p>For the listener, who listens in the snow,<br /> And, nothing himself, beholds<br /> Nothing that is not there and the nothing that is.</p>",270,5,2963.2,2440,3
107,EA925GH-11,440x148x350mm square open bag,Teramoto,-,-,"Tool Box ,  Waist Bag, Storage Case, Tool Cabinet, Workbench, Shelf",Caster for transportation vehicles,-,-,-,-,https://www.esco-net.com/wcs/escort/ItemFile/EA9/EA925/EA925GH-11/EA925GH-11_IMG_WEB_OUT(01).jpg,-,-,"<p><em>It has been a prevalent notion. Fallen sparks. Fragments of vessels broken at the Creation. And someday, somehow, before the end, a gathering back to home. A messenger from the Kingdom, arriving at the last moment. But I tell you there is no such message, no such home -- only the millions of last moments . . . nothing more. Our history is an aggregate of last moments.</em></p>","<p>The Snow Man</p> <p>One must have a mind of winter<br /> To regard the frost and the boughs<br /> Of the pine-trees crusted with snow;</p> <p>And have been cold a long time<br /> To behold the junipers shagged with ice,<br /> The spruces rough in the distant glitter</p> <p>Of the January sun; and not to think<br /> Of any misery in the sound of the wind,<br /> In the sound of a few leaves,</p> <p>Which is the sound of the land<br /> Full of the same wind<br /> That is blowing in the same bare place</p> <p>For the listener, who listens in the snow,<br /> And, nothing himself, beholds<br /> Nothing that is not there and the nothing that is.</p>",670,5,4480,3180,3
108,EA925ME-24,φ300x370mm electric bucket,"Takeshi Co., Ltd.",-,-,"Tool Box ,  Waist Bag, Storage Case, Tool Cabinet, Workbench, Shelf",Caster for transportation vehicles,-,-,-,-,https://www.esco-net.com/wcs/escort/ItemFile/EA9/EA925/EA925ME-24/EA925ME-24_IMG_WEB_OUT(01).jpg,-,-,"<p><em>It has been a prevalent notion. Fallen sparks. Fragments of vessels broken at the Creation. And someday, somehow, before the end, a gathering back to home. A messenger from the Kingdom, arriving at the last moment. But I tell you there is no such message, no such home -- only the millions of last moments . . . nothing more. Our history is an aggregate of last moments.</em></p>","<p>The Snow Man</p> <p>One must have a mind of winter<br /> To regard the frost and the boughs<br /> Of the pine-trees crusted with snow;</p> <p>And have been cold a long time<br /> To behold the junipers shagged with ice,<br /> The spruces rough in the distant glitter</p> <p>Of the January sun; and not to think<br /> Of any misery in the sound of the wind,<br /> In the sound of a few leaves,</p> <p>Which is the sound of the land<br /> Full of the same wind<br /> That is blowing in the same bare place</p> <p>For the listener, who listens in the snow,<br /> And, nothing himself, beholds<br /> Nothing that is not there and the nothing that is.</p>",520,5,3699.2,3180,3
109,EA986PT-513,"100mm caster (flexible metal fittings, stainless steel)",Nanshin,-,-,"Packing, packaging goods, transportation tools, casters","Joki, Bottle, Cap, Jogo, Oiler",-,-,-,-,https://www.esco-net.com/wcs/escort/ItemFile/EA9/EA986/EA986PT-513/EA986PT-513_IMG_WEB_OUT(01).jpg,-,-,"<p><em>It has been a prevalent notion. Fallen sparks. Fragments of vessels broken at the Creation. And someday, somehow, before the end, a gathering back to home. A messenger from the Kingdom, arriving at the last moment. But I tell you there is no such message, no such home -- only the millions of last moments . . . nothing more. Our history is an aggregate of last moments.</em></p>","<p>The Snow Man</p> <p>One must have a mind of winter<br /> To regard the frost and the boughs<br /> Of the pine-trees crusted with snow;</p> <p>And have been cold a long time<br /> To behold the junipers shagged with ice,<br /> The spruces rough in the distant glitter</p> <p>Of the January sun; and not to think<br /> Of any misery in the sound of the wind,<br /> In the sound of a few leaves,</p> <p>Which is the sound of the land<br /> Full of the same wind<br /> That is blowing in the same bare place</p> <p>For the listener, who listens in the snow,<br /> And, nothing himself, beholds<br /> Nothing that is not there and the nothing that is.</p>",850,5,4659.2,3180,3
110,EA986RB-31,"50mm,  100kg door roller (soundproof, flat type)",Yokozuna,-,-,"Packing, packaging goods, transportation tools, casters","Fuel carrying can, coil -only safety container ,  can",-,-,-,-,https://www.esco-net.com/wcs/escort/ItemFile/EA9/EA986/EA986RB-31/EA986RB-31_IMG_WEB_OUT(01).jpg,-,-,"<p><em>It has been a prevalent notion. Fallen sparks. Fragments of vessels broken at the Creation. And someday, somehow, before the end, a gathering back to home. A messenger from the Kingdom, arriving at the last moment. But I tell you there is no such message, no such home -- only the millions of last moments . . . nothing more. Our history is an aggregate of last moments.</em></p>","<p>The Snow Man</p> <p>One must have a mind of winter<br /> To regard the frost and the boughs<br /> Of the pine-trees crusted with snow;</p> <p>And have been cold a long time<br /> To behold the junipers shagged with ice,<br /> The spruces rough in the distant glitter</p> <p>Of the January sun; and not to think<br /> Of any misery in the sound of the wind,<br /> In the sound of a few leaves,</p> <p>Which is the sound of the land<br /> Full of the same wind<br /> That is blowing in the same bare place</p> <p>For the listener, who listens in the snow,<br /> And, nothing himself, beholds<br /> Nothing that is not there and the nothing that is.</p>",220,5,2937.6,2440,3